-- phpMyAdmin SQL Dump
-- version 5.1.1
-- https://www.phpmyadmin.net/
--
-- Host: 127.0.0.1:3306
-- Generation Time: May 26, 2022 at 11:16 PM
-- Server version: 5.7.36
-- PHP Version: 7.4.26

SET SQL_MODE = "NO_AUTO_VALUE_ON_ZERO";
START TRANSACTION;
SET time_zone = "+00:00";


/*!40101 SET @OLD_CHARACTER_SET_CLIENT=@@CHARACTER_SET_CLIENT */;
/*!40101 SET @OLD_CHARACTER_SET_RESULTS=@@CHARACTER_SET_RESULTS */;
/*!40101 SET @OLD_COLLATION_CONNECTION=@@COLLATION_CONNECTION */;
/*!40101 SET NAMES utf8mb4 */;

--
-- Database: `unicms_db`
--

-- --------------------------------------------------------

--
-- Table structure for table `books`
--

DROP TABLE IF EXISTS `books`;
CREATE TABLE IF NOT EXISTS `books` (
  `id` int(11) NOT NULL AUTO_INCREMENT,
  `categoryId` int(11) NOT NULL,
  `name` varchar(200) COLLATE utf8_persian_ci NOT NULL,
  `shortDes` varchar(250) COLLATE utf8_persian_ci NOT NULL,
  `description` text COLLATE utf8_persian_ci NOT NULL,
  `imagePath` varchar(250) COLLATE utf8_persian_ci NOT NULL,
  `creationDate` timestamp NOT NULL DEFAULT CURRENT_TIMESTAMP,
  PRIMARY KEY (`id`)
) ENGINE=MyISAM AUTO_INCREMENT=29 DEFAULT CHARSET=utf8 COLLATE=utf8_persian_ci;

--
-- Dumping data for table `books`
--

INSERT INTO `books` (`id`, `categoryId`, `name`, `shortDes`, `description`, `imagePath`, `creationDate`) VALUES
(25, 16, 'نقاشی', 'لورم ایپسوم متن ساختگی با تولید سادگی نامفهوم از صنعت چاپ و با استفاده از طراحان گرافیک است. چاپگرها و متون بلکه روزنامه و مجله در ستون و سطرآنچنان که لازم است .', '<h1>کتاب چیست؟ مروری بر تعریف و مفهوم &laquo;کتاب&raquo;</h1>\r\n\r\n<p>این نوشته را اولین بخش از فصل دوم کتاب&zwnj;خوانی می&zwnj;دانم. اگرچه برخی از بخش&zwnj;های انتخابی فصل قبل هنوز مانده است.</p>\r\n\r\n<p>تعاریف سایر لغت&zwnj;نامه&zwnj;ها از کتاب، در واقع تعریفی از کدکس است که در ادامه خواهد آمد.</p>\r\n\r\n<p>پنج هزار سال از تاریخ شروع کتاب می&zwnj;گذرد. حدود ۴۵۰۰ سال پیش، اهالی بین&zwnj;النهرین از لوح&zwnj;های گلی برای&nbsp; ثبت مسائل حکومتی یا مالی استفاده می&zwnj;شد (اغلب از نوع شمارش). فرم امروزی کتاب (که شاید بتوان نام دیروزی را نهاد با توجه به ظهور کتاب&zwnj;های الکترونیک) حدود ۱۸۰۰ سال پیش برای نوشتن متون مذهبی مسیحیان شکل گرفت.&nbsp; به این صورت که نوشته&zwnj;هایی روی پاپیروس یا چرم نوشته می&zwnj;شد و سپس آن&zwnj;ها را با استفاده از ابزاری متناسب به هم می&zwnj;دوختند.</p>\r\n\r\n<p>حدود ۱۴۴۰ بود که گوتنبرگ ماشین چاپ را اختراع کرد و به نوعی باعث شد<strong> به نوعی عدالت در دسترسی به متون یک مرحله به پیش رود.&nbsp;</strong> فرایند آماده&zwnj;سازی کتاب چاپی حتی اکنون هم به لحاظ تکنولوژیک شبیه گذشته است. فقط ابزارها تغییر کرده&zwnj;اند. اگرچه اکنون دیگر نیازی نیست از یک کتاب هزاران جلد بزنید تا صرفه داشته باشد. می&zwnj;&zwnj;توانید حتی ۱۰ جلد کتاب را به دستگاه چاپ دیجیتال بدهید تا برای شما آن را چاپ کند و البته گاهی صحافی در خود آن دستگاه و گاهی در یک دستگاه جانبی انجام می&zwnj;شود.</p>\r\n\r\n<p>اگرچه حدود ۵۰ سال پیش لامپ کاتدی اختراع شد تا بتوان تصویری از یک کتاب را در صفحه دید، اما تا پیدایش واقعی یک کتاب الکترونیکی ۳۰ سال طول کشید. تا همین چندی پیش (15سال) که ال&zwnj;سی&zwnj;دی و ال&zwnj;ای&zwnj;دی&zwnj;های امروزی نبودند، نگاه کردن بلندمدت به یک مانیتور برای دراز مدت مانند چشم&zwnj;کُشی بود!&nbsp; بله سال 1999 اولین کتاب الکترونیکی به نام<strong>&nbsp;<em>Nuvomedia&rsquo;s Rocket</em></strong>&nbsp;شکل گرفت. توجه کنید چندین سال بعد از اینترنت، آمازون، گوگل و &hellip; از نظر خود من هم عجیب است.</p>\r\n\r\n<h4><strong>۲- کتاب چیست؟</strong></h4>\r\n\r\n<p>محمدرضا شعبانعلی عزیز در&nbsp;<a href=\"http://mrshabanali.com/%DA%A9%D8%AA%D8%A7%D8%A8-%DA%A9%D8%AA%D8%A7%D8%A8%D8%AE%D9%88%D8%A7%D9%86%DB%8C-%DA%86%DB%8C%D8%B3%D8%AA/\">اینجا&nbsp;&nbsp;</a>یک توصیف کارکردی از یک کتاب ارائه کرده است. یعنی توصیف کرده که مطالعه (به صورت کل) شامل چه چیزهایی می&zwnj;شود و اگر لینک&zwnj;های داخل همان صفحه را هم بگردید، طبقه&zwnj;بندی موثری را از انواع کتاب مشاهده خواهید کرد.</p>\r\n\r\n<p>من سعی دارم در اینجا یک تعریف چند وجهی از کتاب را ارائه کنم. به هیچ وجه ادعای صحیح بودن و قطعی بودن را ندارم، اما می&zwnj;خواهم بگویم در باور من، کتاب باید خصوصیات زیر را داشته باشد.</p>\r\n\r\n<p><strong>۱- تمام شود.</strong></p>\r\n\r\n<p>یک فیلم سینمایی را در نظر بگیرید، در مقابل یک سریال. فیلم سینمایی تمام می&zwnj;شود و شاید بخشی از آن در یک قسمت دیگر بیاید، اما&nbsp;سعی دارد&nbsp;تمامی عناصر لازم در یک فیلم را داشته باشد. از جمله این که یک هدف دارد، انتهایی دارد (هر چند انتهای باز هم خود یک انتهاست، مهم این است که دیگر کارتان با آن فیلم تمام می&zwnj;شود). اما سریال، هدفش کشاندن شما به قسمت بعد (از خود) است. ممکن است کتاب هم شما را به کتاب&zwnj;های دیگر ارجاع دهد. اما این طور نیست که مرتب و مرتب به نسخه بعدی که نیامده ارجاع دهد. (کتاب&zwnj;های چندجلدی یکپارچه استثنا هستند و می&zwnj;توان کل را (که یک هدف واحد دارند)به عنوان یک هدف حساب کرد.)</p>\r\n\r\n<p><strong>۲- حول هدف خود، جامع است (در جهان مورد نظر خود).</strong></p>\r\n\r\n<p>فرض کنید می&zwnj;خواهید در یک جلسه صحبت کنید با یک دستورجلسه مشخص.آن دستورجلسه می&zwnj;شود هدف آن جلسه. این که چقدر بتوانید آن دستور جلسه را به صورت کامل بپوشانید می&zwnj;شود جامعیت. یک کتاب باید یک داستان را تا حداکثر میزان ممکن بپوشاند. باید یک موضوع را با توجه به ظرفی که در اختیار دارد پوشش دهد. مثلا ممکن است شما یک مجله بردارید که هر بخش در مورد یک موضوع نوشته است. در این صورت نمی&zwnj;توان به آن یک کتاب گفت. شاید بتوان هدف کلی آن محله را توجیه کرد اما مقالات همبستگی کافی ندارند. این روزها برخی کتاب&zwnj;ها متداول شده&zwnj;اند که هر شخصی یک فصل کتاب را می&zwnj;نویسد. اگر ویراستار و مدیر آن کتاب، یک جهت مشخص تعیین کرده باشد یک کتاب داریم در غیر این صورت، با یک مجموعه مقالات مواجه هستیم.</p>\r\n\r\n<p><strong>۳- حداقل صفحاتی دارد</strong></p>\r\n\r\n<p>باید نویسنده خیلی قهاری باشید یا هدف بسیار کوچکی داشته باشید تا بتوانید یک کتاب کوتاه جامع، حول یک هدف مهم بنویسید به صورتی که در تمام شود. بگذریم که گاهی معنای کتاب و مقاله و &hellip; به گند کشیده می&zwnj;شود اما من یک کتاب کوتاه را مقاله در نظر می&zwnj;گیرم. جالبه که بدونید سال ۱۹۶۴ در کنفرانسی از یونسکو، سعی شد تا یک کتاب رو تعریف کنند. به این تعریف رسیدند.</p>\r\n\r\n<p>&nbsp;</p>\r\n', 'uploads/frame0.png', '2022-05-05 15:58:17'),
(24, 25, 'ارز دیجیتال', 'لورم ایپسوم متن ساختگی با تولید سادگی نامفهوم از صنعت چاپ و با استفاده از طراحان گرافیک است. چاپگرها و متون بلکه روزنامه و مجله در ستون و سطرآنچنان که لازم است .', '<h1><span style=\"font-family:Verdana,Geneva,sans-serif\">کتاب چیست؟ مروری بر تعریف و مفهوم &laquo;کتاب&raquo;</span></h1>\r\n\r\n<p><span style=\"font-family:Verdana,Geneva,sans-serif\">این نوشته را اولین بخش از فصل دوم کتاب&zwnj;خوانی می&zwnj;دانم. اگرچه برخی از بخش&zwnj;های انتخابی فصل قبل هنوز مانده است.</span></p>\r\n\r\n<p><span style=\"font-family:Verdana,Geneva,sans-serif\">تعاریف سایر لغت&zwnj;نامه&zwnj;ها از کتاب، در واقع تعریفی از کدکس است که در ادامه خواهد آمد.</span></p>\r\n\r\n<p><span style=\"font-family:Verdana,Geneva,sans-serif\">پنج هزار سال از تاریخ شروع کتاب می&zwnj;گذرد. حدود ۴۵۰۰ سال پیش، اهالی بین&zwnj;النهرین از لوح&zwnj;های گلی برای&nbsp; ثبت مسائل حکومتی یا مالی استفاده می&zwnj;شد (اغلب از نوع شمارش). فرم امروزی کتاب (که شاید بتوان نام دیروزی را نهاد با توجه به ظهور کتاب&zwnj;های الکترونیک) حدود ۱۸۰۰ سال پیش برای نوشتن متون مذهبی مسیحیان شکل گرفت.&nbsp; به این صورت که نوشته&zwnj;هایی روی پاپیروس یا چرم نوشته می&zwnj;شد و سپس آن&zwnj;ها را با استفاده از ابزاری متناسب به هم می&zwnj;دوختند.</span></p>\r\n\r\n<p><span style=\"font-family:Verdana,Geneva,sans-serif\">حدود ۱۴۴۰ بود که گوتنبرگ ماشین چاپ را اختراع کرد و به نوعی باعث شد<strong> به نوعی عدالت در دسترسی به متون یک مرحله به پیش رود.&nbsp;</strong> فرایند آماده&zwnj;سازی کتاب چاپی حتی اکنون هم به لحاظ تکنولوژیک شبیه گذشته است. فقط ابزارها تغییر کرده&zwnj;اند. اگرچه اکنون دیگر نیازی نیست از یک کتاب هزاران جلد بزنید تا صرفه داشته باشد. می&zwnj;&zwnj;توانید حتی ۱۰ جلد کتاب را به دستگاه چاپ دیجیتال بدهید تا برای شما آن را چاپ کند و البته گاهی صحافی در خود آن دستگاه و گاهی در یک دستگاه جانبی انجام می&zwnj;شود.</span></p>\r\n\r\n<p><span style=\"font-family:Verdana,Geneva,sans-serif\">اگرچه حدود ۵۰ سال پیش لامپ کاتدی اختراع شد تا بتوان تصویری از یک کتاب را در صفحه دید، اما تا پیدایش واقعی یک کتاب الکترونیکی ۳۰ سال طول کشید. تا همین چندی پیش (15سال) که ال&zwnj;سی&zwnj;دی و ال&zwnj;ای&zwnj;دی&zwnj;های امروزی نبودند، نگاه کردن بلندمدت به یک مانیتور برای دراز مدت مانند چشم&zwnj;کُشی بود!&nbsp; بله سال 1999 اولین کتاب الکترونیکی به نام<strong>&nbsp;<em>Nuvomedia&rsquo;s Rocket</em></strong>&nbsp;شکل گرفت. توجه کنید چندین سال بعد از اینترنت، آمازون، گوگل و &hellip; از نظر خود من هم عجیب است.</span></p>\r\n\r\n<h4><span style=\"font-family:Verdana,Geneva,sans-serif\"><strong>۲- کتاب چیست؟</strong></span></h4>\r\n\r\n<p><span style=\"font-family:Verdana,Geneva,sans-serif\">محمدرضا شعبانعلی عزیز در&nbsp;<a href=\"http://mrshabanali.com/%DA%A9%D8%AA%D8%A7%D8%A8-%DA%A9%D8%AA%D8%A7%D8%A8%D8%AE%D9%88%D8%A7%D9%86%DB%8C-%DA%86%DB%8C%D8%B3%D8%AA/\">اینجا&nbsp;&nbsp;</a>یک توصیف کارکردی از یک کتاب ارائه کرده است. یعنی توصیف کرده که مطالعه (به صورت کل) شامل چه چیزهایی می&zwnj;شود و اگر لینک&zwnj;های داخل همان صفحه را هم بگردید، طبقه&zwnj;بندی موثری را از انواع کتاب مشاهده خواهید کرد.</span></p>\r\n\r\n<p><span style=\"font-family:Verdana,Geneva,sans-serif\">من سعی دارم در اینجا یک تعریف چند وجهی از کتاب را ارائه کنم. به هیچ وجه ادعای صحیح بودن و قطعی بودن را ندارم، اما می&zwnj;خواهم بگویم در باور من، کتاب باید خصوصیات زیر را داشته باشد.</span></p>\r\n\r\n<p><span style=\"font-family:Verdana,Geneva,sans-serif\"><strong>۱- تمام شود.</strong></span></p>\r\n\r\n<p><span style=\"font-family:Verdana,Geneva,sans-serif\">یک فیلم سینمایی را در نظر بگیرید، در مقابل یک سریال. فیلم سینمایی تمام می&zwnj;شود و شاید بخشی از آن در یک قسمت دیگر بیاید، اما&nbsp;سعی دارد&nbsp;تمامی عناصر لازم در یک فیلم را داشته باشد. از جمله این که یک هدف دارد، انتهایی دارد (هر چند انتهای باز هم خود یک انتهاست، مهم این است که دیگر کارتان با آن فیلم تمام می&zwnj;شود). اما سریال، هدفش کشاندن شما به قسمت بعد (از خود) است. ممکن است کتاب هم شما را به کتاب&zwnj;های دیگر ارجاع دهد. اما این طور نیست که مرتب و مرتب به نسخه بعدی که نیامده ارجاع دهد. (کتاب&zwnj;های چندجلدی یکپارچه استثنا هستند و می&zwnj;توان کل را (که یک هدف واحد دارند)به عنوان یک هدف حساب کرد.)</span></p>\r\n\r\n<p><span style=\"font-family:Verdana,Geneva,sans-serif\"><strong>۲- حول هدف خود، جامع است (در جهان مورد نظر خود).</strong></span></p>\r\n\r\n<p><span style=\"font-family:Verdana,Geneva,sans-serif\">فرض کنید می&zwnj;خواهید در یک جلسه صحبت کنید با یک دستورجلسه مشخص.آن دستورجلسه می&zwnj;شود هدف آن جلسه. این که چقدر بتوانید آن دستور جلسه را به صورت کامل بپوشانید می&zwnj;شود جامعیت. یک کتاب باید یک داستان را تا حداکثر میزان ممکن بپوشاند. باید یک موضوع را با توجه به ظرفی که در اختیار دارد پوشش دهد. مثلا ممکن است شما یک مجله بردارید که هر بخش در مورد یک موضوع نوشته است. در این صورت نمی&zwnj;توان به آن یک کتاب گفت. شاید بتوان هدف کلی آن محله را توجیه کرد اما مقالات همبستگی کافی ندارند. این روزها برخی کتاب&zwnj;ها متداول شده&zwnj;اند که هر شخصی یک فصل کتاب را می&zwnj;نویسد. اگر ویراستار و مدیر آن کتاب، یک جهت مشخص تعیین کرده باشد یک کتاب داریم در غیر این صورت، با یک مجموعه مقالات مواجه هستیم.</span></p>\r\n\r\n<p><span style=\"font-family:Verdana,Geneva,sans-serif\"><strong>۳- حداقل صفحاتی دارد</strong></span></p>\r\n\r\n<p><span style=\"font-family:Verdana,Geneva,sans-serif\">باید نویسنده خیلی قهاری باشید یا هدف بسیار کوچکی داشته باشید تا بتوانید یک کتاب کوتاه جامع، حول یک هدف مهم بنویسید به صورتی که در تمام شود. بگذریم که گاهی معنای کتاب و مقاله و &hellip; به گند کشیده می&zwnj;شود اما من یک کتاب کوتاه را مقاله در نظر می&zwnj;گیرم. جالبه که بدونید سال ۱۹۶۴ در کنفرانسی از یونسکو، سعی شد تا یک کتاب رو تعریف کنند. به این تعریف رسیدند.</span></p>\r\n\r\n<p>&nbsp;</p>\r\n', 'uploads/Rectangle 121.png', '2022-05-05 15:17:05'),
(26, 15, 'زبان برنامه نویسی تحت وب', 'لورم ایپسوم متن ساختگی با تولید سادگی نامفهوم از صنعت چاپ و با استفاده از طراحان گرافیک است. چاپگرها و متون بلکه روزنامه و مجله در ستون و سطرآنچنان که لازم است .', '<h1>کتاب چیست؟ مروری بر تعریف و مفهوم &laquo;کتاب&raquo;</h1>\r\n\r\n<p>این نوشته را اولین بخش از فصل دوم کتاب&zwnj;خوانی می&zwnj;دانم. اگرچه برخی از بخش&zwnj;های انتخابی فصل قبل هنوز مانده است.</p>\r\n\r\n<p>تعاریف سایر لغت&zwnj;نامه&zwnj;ها از کتاب، در واقع تعریفی از کدکس است که در ادامه خواهد آمد.</p>\r\n\r\n<p>پنج هزار سال از تاریخ شروع کتاب می&zwnj;گذرد. حدود ۴۵۰۰ سال پیش، اهالی بین&zwnj;النهرین از لوح&zwnj;های گلی برای&nbsp; ثبت مسائل حکومتی یا مالی استفاده می&zwnj;شد (اغلب از نوع شمارش). فرم امروزی کتاب (که شاید بتوان نام دیروزی را نهاد با توجه به ظهور کتاب&zwnj;های الکترونیک) حدود ۱۸۰۰ سال پیش برای نوشتن متون مذهبی مسیحیان شکل گرفت.&nbsp; به این صورت که نوشته&zwnj;هایی روی پاپیروس یا چرم نوشته می&zwnj;شد و سپس آن&zwnj;ها را با استفاده از ابزاری متناسب به هم می&zwnj;دوختند.</p>\r\n\r\n<p>حدود ۱۴۴۰ بود که گوتنبرگ ماشین چاپ را اختراع کرد و به نوعی باعث شد<strong> به نوعی عدالت در دسترسی به متون یک مرحله به پیش رود.&nbsp;</strong> فرایند آماده&zwnj;سازی کتاب چاپی حتی اکنون هم به لحاظ تکنولوژیک شبیه گذشته است. فقط ابزارها تغییر کرده&zwnj;اند. اگرچه اکنون دیگر نیازی نیست از یک کتاب هزاران جلد بزنید تا صرفه داشته باشد. می&zwnj;&zwnj;توانید حتی ۱۰ جلد کتاب را به دستگاه چاپ دیجیتال بدهید تا برای شما آن را چاپ کند و البته گاهی صحافی در خود آن دستگاه و گاهی در یک دستگاه جانبی انجام می&zwnj;شود.</p>\r\n\r\n<p>اگرچه حدود ۵۰ سال پیش لامپ کاتدی اختراع شد تا بتوان تصویری از یک کتاب را در صفحه دید، اما تا پیدایش واقعی یک کتاب الکترونیکی ۳۰ سال طول کشید. تا همین چندی پیش (15سال) که ال&zwnj;سی&zwnj;دی و ال&zwnj;ای&zwnj;دی&zwnj;های امروزی نبودند، نگاه کردن بلندمدت به یک مانیتور برای دراز مدت مانند چشم&zwnj;کُشی بود!&nbsp; بله سال 1999 اولین کتاب الکترونیکی به نام<strong>&nbsp;<em>Nuvomedia&rsquo;s Rocket</em></strong>&nbsp;شکل گرفت. توجه کنید چندین سال بعد از اینترنت، آمازون، گوگل و &hellip; از نظر خود من هم عجیب است.</p>\r\n\r\n<h4><strong>۲- کتاب چیست؟</strong></h4>\r\n\r\n<p>محمدرضا شعبانعلی عزیز در&nbsp;<a href=\"http://mrshabanali.com/%DA%A9%D8%AA%D8%A7%D8%A8-%DA%A9%D8%AA%D8%A7%D8%A8%D8%AE%D9%88%D8%A7%D9%86%DB%8C-%DA%86%DB%8C%D8%B3%D8%AA/\">اینجا&nbsp;&nbsp;</a>یک توصیف کارکردی از یک کتاب ارائه کرده است. یعنی توصیف کرده که مطالعه (به صورت کل) شامل چه چیزهایی می&zwnj;شود و اگر لینک&zwnj;های داخل همان صفحه را هم بگردید، طبقه&zwnj;بندی موثری را از انواع کتاب مشاهده خواهید کرد.</p>\r\n\r\n<p>من سعی دارم در اینجا یک تعریف چند وجهی از کتاب را ارائه کنم. به هیچ وجه ادعای صحیح بودن و قطعی بودن را ندارم، اما می&zwnj;خواهم بگویم در باور من، کتاب باید خصوصیات زیر را داشته باشد.</p>\r\n\r\n<p><strong>۱- تمام شود.</strong></p>\r\n\r\n<p>یک فیلم سینمایی را در نظر بگیرید، در مقابل یک سریال. فیلم سینمایی تمام می&zwnj;شود و شاید بخشی از آن در یک قسمت دیگر بیاید، اما&nbsp;سعی دارد&nbsp;تمامی عناصر لازم در یک فیلم را داشته باشد. از جمله این که یک هدف دارد، انتهایی دارد (هر چند انتهای باز هم خود یک انتهاست، مهم این است که دیگر کارتان با آن فیلم تمام می&zwnj;شود). اما سریال، هدفش کشاندن شما به قسمت بعد (از خود) است. ممکن است کتاب هم شما را به کتاب&zwnj;های دیگر ارجاع دهد. اما این طور نیست که مرتب و مرتب به نسخه بعدی که نیامده ارجاع دهد. (کتاب&zwnj;های چندجلدی یکپارچه استثنا هستند و می&zwnj;توان کل را (که یک هدف واحد دارند)به عنوان یک هدف حساب کرد.)</p>\r\n\r\n<p><strong>۲- حول هدف خود، جامع است (در جهان مورد نظر خود).</strong></p>\r\n\r\n<p>فرض کنید می&zwnj;خواهید در یک جلسه صحبت کنید با یک دستورجلسه مشخص.آن دستورجلسه می&zwnj;شود هدف آن جلسه. این که چقدر بتوانید آن دستور جلسه را به صورت کامل بپوشانید می&zwnj;شود جامعیت. یک کتاب باید یک داستان را تا حداکثر میزان ممکن بپوشاند. باید یک موضوع را با توجه به ظرفی که در اختیار دارد پوشش دهد. مثلا ممکن است شما یک مجله بردارید که هر بخش در مورد یک موضوع نوشته است. در این صورت نمی&zwnj;توان به آن یک کتاب گفت. شاید بتوان هدف کلی آن محله را توجیه کرد اما مقالات همبستگی کافی ندارند. این روزها برخی کتاب&zwnj;ها متداول شده&zwnj;اند که هر شخصی یک فصل کتاب را می&zwnj;نویسد. اگر ویراستار و مدیر آن کتاب، یک جهت مشخص تعیین کرده باشد یک کتاب داریم در غیر این صورت، با یک مجموعه مقالات مواجه هستیم.</p>\r\n\r\n<p><strong>۳- حداقل صفحاتی دارد</strong></p>\r\n\r\n<p>باید نویسنده خیلی قهاری باشید یا هدف بسیار کوچکی داشته باشید تا بتوانید یک کتاب کوتاه جامع، حول یک هدف مهم بنویسید به صورتی که در تمام شود. بگذریم که گاهی معنای کتاب و مقاله و &hellip; به گند کشیده می&zwnj;شود اما من یک کتاب کوتاه را مقاله در نظر می&zwnj;گیرم. جالبه که بدونید سال ۱۹۶۴ در کنفرانسی از یونسکو، سعی شد تا یک کتاب رو تعریف کنند. به این تعریف رسیدند.</p>\r\n', 'uploads/umbrellas.jpg', '2022-05-25 10:48:06'),
(27, 25, 'زیرساخت بلاک چین', 'لورم ایپسوم متن ساختگی با تولید سادگی نامفهوم از صنعت چاپ و با استفاده از طراحان گرافیک است. چاپگرها و متون بلکه روزنامه و مجله در ستون و سطرآنچنان که لازم است .', '<p><strong>کِتاب&nbsp;به&nbsp;<a href=\"https://fa.wikipedia.org/wiki/%D9%BE%D8%A7%D8%B1%D8%B3%DB%8C_%D8%B3%D8%B1%D9%87\" title=\"پارسی سره\">پارسی سره</a>&nbsp;نَسک&nbsp;یا&nbsp;نَبیگ&nbsp;مجموعه&zwnj;ای از برگه&zwnj;های نوشته شده، مصوّر، چاپ شده یا صفحه&zwnj;های خالی (صفحه سپید و نانوشته) است؛ که میتواند از جوهر،&nbsp;<a href=\"https://fa.wikipedia.org/wiki/%DA%A9%D8%A7%D8%BA%D8%B0\" title=\"کاغذ\">کاغذ</a>&nbsp;(ورق)، پوست حیوانات یا مواد دیگر (چسب، نخ و&hellip;) ساخته شود.</strong></p>\r\n\r\n<p>معمولاً از یک طرف (سمت راست یا چپ) به یکدیگر محکم شده یا وصل می&zwnj;شوند. هر برگه در کتاب، ورق و هر سمت یا روی هر ورق، صفحه نامیده می&zwnj;شود.</p>\r\n\r\n<p>به جلد کردن کتاب به اصطلاح&nbsp;<a href=\"https://fa.wikipedia.org/wiki/%D8%B5%D8%AD%D8%A7%D9%81%DB%8C\" title=\"صحافی\">صحافی</a>&nbsp;گفته می&zwnj;شود. کتاب در اندازه&zwnj;هایِ گوناگون دیده می&zwnj;شود. در ایران، قطعِ رحلی، وزیری و جیبی از مشهورترین قطع&zwnj;های کتاب است. کوچک&zwnj;ترین کتاب دنیا یک&nbsp;<a href=\"https://fa.wikipedia.org/wiki/%D8%A7%D9%86%D8%AC%DB%8C%D9%84\" title=\"انجیل\">انجیل</a>&nbsp;است که در موزهٔ&nbsp;<a href=\"https://fa.wikipedia.org/wiki/%DA%A9%D9%84%DB%8C%D8%B3%D8%A7%DB%8C_%D9%88%D8%A7%D9%86%DA%A9\" title=\"کلیسای وانک\">کلیسای وانک</a>&nbsp;اصفهان نگهداری می&zwnj;شود. اولین کتاب به زبان فارسی در&nbsp;<a href=\"https://fa.wikipedia.org/wiki/%D9%87%D9%86%D8%AF\" title=\"هند\">هند</a>&nbsp;و به دست یک ارمنی به زیور طبع آراسته شده&zwnj;است. از انواع دیگر کتاب،&nbsp;<a href=\"https://fa.wikipedia.org/wiki/%DA%A9%D8%AA%D8%A7%D8%A8_%D8%AF%DB%8C%D8%AC%DB%8C%D8%AA%D8%A7%D9%84%DB%8C\" title=\"کتاب دیجیتالی\">کتاب دیجیتالی</a>&nbsp;(<em>e-Book</em>) است که کتاب در قالب بسته&zwnj;های نرم&zwnj;افزاری مانندِ&nbsp;<a href=\"https://fa.wikipedia.org/wiki/%D9%BE%DB%8C%E2%80%8C%D8%AF%DB%8C%E2%80%8C%D8%A7%D9%81\" title=\"پی‌دی‌اف\">پی&zwnj;دی&zwnj;اف</a>&nbsp;یا&nbsp;<a href=\"https://fa.wikipedia.org/wiki/%D8%A6%DB%8C%E2%80%8C%D9%BE%D8%A7%D8%A8\" title=\"ئی‌پاب\">ئی&zwnj;پاب</a>&nbsp;ارائه می&zwnj;شود که وسایلی نیز به نام&nbsp;<a href=\"https://fa.wikipedia.org/wiki/%DA%A9%D8%AA%D8%A7%D8%A8%D8%AE%D9%88%D8%A7%D9%86_%D8%A7%D9%84%DA%A9%D8%AA%D8%B1%D9%88%D9%86%DB%8C%DA%A9%DB%8C\" title=\"کتابخوان الکترونیکی\">کتابخوان الکترونیکی</a>&nbsp;مانندِ&nbsp;<a href=\"https://fa.wikipedia.org/wiki/%D8%A2%D9%85%D8%A7%D8%B2%D9%88%D9%86_%DA%A9%DB%8C%D9%86%D8%AF%D9%84\" title=\"آمازون کیندل\">آمازون کیندل</a>&nbsp;برای خواندن آن به کار می&zwnj;رود. نمونهٔ دیگری از کتاب غیرِ چاپّی&nbsp;<a href=\"https://fa.wikipedia.org/wiki/%DA%A9%D8%AA%D8%A7%D8%A8_%D8%B5%D9%88%D8%AA%DB%8C\" title=\"کتاب صوتی\">کتاب صوتی</a>&nbsp;است، یعنی کتاب&zwnj;هایی که توسط فرد یا افرادی خوانده و گاهی به صورت&nbsp;<a href=\"https://fa.wikipedia.org/wiki/%D9%86%D9%85%D8%A7%DB%8C%D8%B4%D9%86%D8%A7%D9%85%D9%87\" title=\"نمایشنامه\">نمایشنامه</a>&nbsp;اجرا می&zwnj;شوند. این کتاب&zwnj;ها ممکن است با&nbsp;<a href=\"https://fa.wikipedia.org/wiki/%D9%85%D9%88%D8%B3%DB%8C%D9%82%DB%8C\" title=\"موسیقی\">موسیقی</a>&nbsp;و&nbsp;<a href=\"https://fa.wikipedia.org/wiki/%D8%A7%D9%81%DA%A9%D8%AA_%D8%B5%D8%AF%D8%A7\" title=\"افکت صدا\">افکت</a>&nbsp;همراه باشند.</p>\r\n\r\n<p><strong>تعریف</strong></p>\r\n\r\n<p>تاکنون تعریف مشخص و کاملی ارائه نشده&zwnj;است و نخواهد شد که بتواند مفهوم تمام انواع گوناگون کتاب را دربرگیرد.<sup><a href=\"https://fa.wikipedia.org/wiki/%DA%A9%D8%AA%D8%A7%D8%A8#cite_note-1\">[۱]</a></sup>&nbsp;اما یکی از تعاریف معتبری که برای کتاب ارائه شده&zwnj;است، مربوط به&nbsp;<a href=\"https://fa.wikipedia.org/wiki/%D8%B3%D8%A7%D8%B2%D9%85%D8%A7%D9%86\" title=\"سازمان\">سازمان</a>&nbsp;<a href=\"https://fa.wikipedia.org/wiki/%DB%8C%D9%88%D9%86%D8%B3%DA%A9%D9%88\" title=\"یونسکو\">یونسکو</a>&nbsp;می&zwnj;شود: کتاب نوعی اثر چاپی صحافی&zwnj;شده&zwnj;است که بیشتر از ۴۹ صفحه داشته باشد و مانندِ نشریات، تحت یک عنوان ثابت، به&zwnj;صورت دوره&zwnj;ای منتشر نشود.<sup><a href=\"https://fa.wikipedia.org/wiki/%DA%A9%D8%AA%D8%A7%D8%A8#cite_note-2\">[۲]</a></sup>&nbsp;تعریف دیگری نیز کتاب را &laquo;مجموعه&zwnj;ای از لوح&zwnj;های&nbsp;<a href=\"https://fa.wikipedia.org/wiki/%DA%86%D9%88%D8%A8\" title=\"چوب\">چوبی</a>&nbsp;یا&nbsp;<a href=\"https://fa.wikipedia.org/wiki/%D8%B9%D8%A7%D8%AC\" title=\"عاج\">عاجی</a>&nbsp;یا مجموعه&zwnj;ای از ورق&zwnj;های&nbsp;<a href=\"https://fa.wikipedia.org/wiki/%DA%A9%D8%A7%D8%BA%D8%B0\" title=\"کاغذ\">کاغذ</a>، پوست&nbsp;<a href=\"https://fa.wikipedia.org/wiki/%D8%A2%D9%87%D9%88\" title=\"آهو\">آهو</a>&nbsp;یا ماده&zwnj;ای مانند آن، اعم از دست&zwnj;نویس یا&nbsp;<a href=\"https://fa.wikipedia.org/wiki/%DA%86%D8%A7%D9%BE\" title=\"چاپ\">چاپی</a>&nbsp;که با هم به نخ کشیده یا صحافی شده باشند&raquo; معرفی کرده&zwnj;است.<sup><a href=\"https://fa.wikipedia.org/wiki/%DA%A9%D8%AA%D8%A7%D8%A8#cite_note-ketabdari-3\">[۳]</a></sup>&nbsp;تعریف دیگری که به نظر می&zwnj;رسد مناسب باشد، محتوای تولید شده توسط نویسنده که هدف مشخصی را دنبال کند و کتاب حولِ محور هدف مشخص شده توسط نویسنده مطالبی ارائه دهد و در پایان کتاب، نویسنده به هدف خود برسد و در این مجال، ارجاع کلّی به کتابِ دیگر یا مقاله نداشته باشد.</p>\r\n\r\n<table border=\"1\" cellpadding=\"1\" cellspacing=\"1\">\r\n	<tbody>\r\n		<tr>\r\n			<td>لورم ایپسوم</td>\r\n			<td>لورم ایپسوم</td>\r\n		</tr>\r\n		<tr>\r\n			<td>لورم ایپسوم</td>\r\n			<td>لورم ایپسوم</td>\r\n		</tr>\r\n		<tr>\r\n			<td>لورم ایپسوم</td>\r\n			<td>لورم ایپسوم</td>\r\n		</tr>\r\n	</tbody>\r\n</table>\r\n\r\n<p>&nbsp;</p>\r\n\r\n<p>کتاب قدمتی پنج هزارساله دارد. کتاب&zwnj;های نخستین به شکل لوح&zwnj;های گلی بودند، اما با گذشت زمان، با توجه به دسترسی بشر به امکانات جدید و تغییر نیاز بشر به ارتباطات و اطلاعات، شکلِ کتاب&zwnj;ها تکامل یافت.</p>\r\n', 'uploads/umbrellas.jpg', '2022-05-25 13:59:34'),
(28, 16, 'طراحی حرفه ای', 'لورم ایپسوم متن ساختگی با تولید سادگی نامفهوم از صنعت چاپ و با استفاده از طراحان گرافیک است. چاپگرها و متون بلکه روزنامه و مجله در ستون و سطرآنچنان که لازم است .', '<p><strong>کِتاب&nbsp;به&nbsp;<a href=\"https://fa.wikipedia.org/wiki/%D9%BE%D8%A7%D8%B1%D8%B3%DB%8C_%D8%B3%D8%B1%D9%87\" title=\"پارسی سره\">پارسی سره</a>&nbsp;نَسک&nbsp;یا&nbsp;نَبیگ&nbsp;مجموعه&zwnj;ای از برگه&zwnj;های نوشته شده، مصوّر، چاپ شده یا صفحه&zwnj;های خالی (صفحه سپید و نانوشته) است؛ که میتواند از جوهر،&nbsp;<a href=\"https://fa.wikipedia.org/wiki/%DA%A9%D8%A7%D8%BA%D8%B0\" title=\"کاغذ\">کاغذ</a>&nbsp;(ورق)، پوست حیوانات یا مواد دیگر (چسب، نخ و&hellip;) ساخته شود.</strong></p>\r\n\r\n<p>معمولاً از یک طرف (سمت راست یا چپ) به یکدیگر محکم شده یا وصل می&zwnj;شوند. هر برگه در کتاب، ورق و هر سمت یا روی هر ورق، صفحه نامیده می&zwnj;شود.</p>\r\n\r\n<p>به جلد کردن کتاب به اصطلاح&nbsp;<a href=\"https://fa.wikipedia.org/wiki/%D8%B5%D8%AD%D8%A7%D9%81%DB%8C\" title=\"صحافی\">صحافی</a>&nbsp;گفته می&zwnj;شود. کتاب در اندازه&zwnj;هایِ گوناگون دیده می&zwnj;شود. در ایران، قطعِ رحلی، وزیری و جیبی از مشهورترین قطع&zwnj;های کتاب است. کوچک&zwnj;ترین کتاب دنیا یک&nbsp;<a href=\"https://fa.wikipedia.org/wiki/%D8%A7%D9%86%D8%AC%DB%8C%D9%84\" title=\"انجیل\">انجیل</a>&nbsp;است که در موزهٔ&nbsp;<a href=\"https://fa.wikipedia.org/wiki/%DA%A9%D9%84%DB%8C%D8%B3%D8%A7%DB%8C_%D9%88%D8%A7%D9%86%DA%A9\" title=\"کلیسای وانک\">کلیسای وانک</a>&nbsp;اصفهان نگهداری می&zwnj;شود. اولین کتاب به زبان فارسی در&nbsp;<a href=\"https://fa.wikipedia.org/wiki/%D9%87%D9%86%D8%AF\" title=\"هند\">هند</a>&nbsp;و به دست یک ارمنی به زیور طبع آراسته شده&zwnj;است. از انواع دیگر کتاب،&nbsp;<a href=\"https://fa.wikipedia.org/wiki/%DA%A9%D8%AA%D8%A7%D8%A8_%D8%AF%DB%8C%D8%AC%DB%8C%D8%AA%D8%A7%D9%84%DB%8C\" title=\"کتاب دیجیتالی\">کتاب دیجیتالی</a>&nbsp;(<em>e-Book</em>) است که کتاب در قالب بسته&zwnj;های نرم&zwnj;افزاری مانندِ&nbsp;<a href=\"https://fa.wikipedia.org/wiki/%D9%BE%DB%8C%E2%80%8C%D8%AF%DB%8C%E2%80%8C%D8%A7%D9%81\" title=\"پی‌دی‌اف\">پی&zwnj;دی&zwnj;اف</a>&nbsp;یا&nbsp;<a href=\"https://fa.wikipedia.org/wiki/%D8%A6%DB%8C%E2%80%8C%D9%BE%D8%A7%D8%A8\" title=\"ئی‌پاب\">ئی&zwnj;پاب</a>&nbsp;ارائه می&zwnj;شود که وسایلی نیز به نام&nbsp;<a href=\"https://fa.wikipedia.org/wiki/%DA%A9%D8%AA%D8%A7%D8%A8%D8%AE%D9%88%D8%A7%D9%86_%D8%A7%D9%84%DA%A9%D8%AA%D8%B1%D9%88%D9%86%DB%8C%DA%A9%DB%8C\" title=\"کتابخوان الکترونیکی\">کتابخوان الکترونیکی</a>&nbsp;مانندِ&nbsp;<a href=\"https://fa.wikipedia.org/wiki/%D8%A2%D9%85%D8%A7%D8%B2%D9%88%D9%86_%DA%A9%DB%8C%D9%86%D8%AF%D9%84\" title=\"آمازون کیندل\">آمازون کیندل</a>&nbsp;برای خواندن آن به کار می&zwnj;رود. نمونهٔ دیگری از کتاب غیرِ چاپّی&nbsp;<a href=\"https://fa.wikipedia.org/wiki/%DA%A9%D8%AA%D8%A7%D8%A8_%D8%B5%D9%88%D8%AA%DB%8C\" title=\"کتاب صوتی\">کتاب صوتی</a>&nbsp;است، یعنی کتاب&zwnj;هایی که توسط فرد یا افرادی خوانده و گاهی به صورت&nbsp;<a href=\"https://fa.wikipedia.org/wiki/%D9%86%D9%85%D8%A7%DB%8C%D8%B4%D9%86%D8%A7%D9%85%D9%87\" title=\"نمایشنامه\">نمایشنامه</a>&nbsp;اجرا می&zwnj;شوند. این کتاب&zwnj;ها ممکن است با&nbsp;<a href=\"https://fa.wikipedia.org/wiki/%D9%85%D9%88%D8%B3%DB%8C%D9%82%DB%8C\" title=\"موسیقی\">موسیقی</a>&nbsp;و&nbsp;<a href=\"https://fa.wikipedia.org/wiki/%D8%A7%D9%81%DA%A9%D8%AA_%D8%B5%D8%AF%D8%A7\" title=\"افکت صدا\">افکت</a>&nbsp;همراه باشند.</p>\r\n\r\n<p><strong>تعریف</strong></p>\r\n\r\n<p>تاکنون تعریف مشخص و کاملی ارائه نشده&zwnj;است و نخواهد شد که بتواند مفهوم تمام انواع گوناگون کتاب را دربرگیرد.<sup><a href=\"https://fa.wikipedia.org/wiki/%DA%A9%D8%AA%D8%A7%D8%A8#cite_note-1\">[۱]</a></sup>&nbsp;اما یکی از تعاریف معتبری که برای کتاب ارائه شده&zwnj;است، مربوط به&nbsp;<a href=\"https://fa.wikipedia.org/wiki/%D8%B3%D8%A7%D8%B2%D9%85%D8%A7%D9%86\" title=\"سازمان\">سازمان</a>&nbsp;<a href=\"https://fa.wikipedia.org/wiki/%DB%8C%D9%88%D9%86%D8%B3%DA%A9%D9%88\" title=\"یونسکو\">یونسکو</a>&nbsp;می&zwnj;شود: کتاب نوعی اثر چاپی صحافی&zwnj;شده&zwnj;است که بیشتر از ۴۹ صفحه داشته باشد و مانندِ نشریات، تحت یک عنوان ثابت، به&zwnj;صورت دوره&zwnj;ای منتشر نشود.<sup><a href=\"https://fa.wikipedia.org/wiki/%DA%A9%D8%AA%D8%A7%D8%A8#cite_note-2\">[۲]</a></sup>&nbsp;تعریف دیگری نیز کتاب را &laquo;مجموعه&zwnj;ای از لوح&zwnj;های&nbsp;<a href=\"https://fa.wikipedia.org/wiki/%DA%86%D9%88%D8%A8\" title=\"چوب\">چوبی</a>&nbsp;یا&nbsp;<a href=\"https://fa.wikipedia.org/wiki/%D8%B9%D8%A7%D8%AC\" title=\"عاج\">عاجی</a>&nbsp;یا مجموعه&zwnj;ای از ورق&zwnj;های&nbsp;<a href=\"https://fa.wikipedia.org/wiki/%DA%A9%D8%A7%D8%BA%D8%B0\" title=\"کاغذ\">کاغذ</a>، پوست&nbsp;<a href=\"https://fa.wikipedia.org/wiki/%D8%A2%D9%87%D9%88\" title=\"آهو\">آهو</a>&nbsp;یا ماده&zwnj;ای مانند آن، اعم از دست&zwnj;نویس یا&nbsp;<a href=\"https://fa.wikipedia.org/wiki/%DA%86%D8%A7%D9%BE\" title=\"چاپ\">چاپی</a>&nbsp;که با هم به نخ کشیده یا صحافی شده باشند&raquo; معرفی کرده&zwnj;است.<sup><a href=\"https://fa.wikipedia.org/wiki/%DA%A9%D8%AA%D8%A7%D8%A8#cite_note-ketabdari-3\">[۳]</a></sup>&nbsp;تعریف دیگری که به نظر می&zwnj;رسد مناسب باشد، محتوای تولید شده توسط نویسنده که هدف مشخصی را دنبال کند و کتاب حولِ محور هدف مشخص شده توسط نویسنده مطالبی ارائه دهد و در پایان کتاب، نویسنده به هدف خود برسد و در این مجال، ارجاع کلّی به کتابِ دیگر یا مقاله نداشته باشد.</p>\r\n\r\n<table border=\"1\" cellpadding=\"1\" cellspacing=\"1\">\r\n	<tbody>\r\n		<tr>\r\n			<td>لورم ایپسوم</td>\r\n			<td>لورم ایپسوم</td>\r\n		</tr>\r\n		<tr>\r\n			<td>لورم ایپسوم</td>\r\n			<td>لورم ایپسوم</td>\r\n		</tr>\r\n		<tr>\r\n			<td>لورم ایپسوم</td>\r\n			<td>لورم ایپسوم</td>\r\n		</tr>\r\n	</tbody>\r\n</table>\r\n\r\n<p>&nbsp;</p>\r\n\r\n<p>کتاب قدمتی پنج هزارساله دارد. کتاب&zwnj;های نخستین به شکل لوح&zwnj;های گلی بودند، اما با گذشت زمان، با توجه به دسترسی بشر به امکانات جدید و تغییر نیاز بشر به ارتباطات و اطلاعات، شکلِ کتاب&zwnj;ها تکامل یافت.</p>\r\n', 'uploads/about-image6.jpg', '2022-05-25 20:35:00');

-- --------------------------------------------------------

--
-- Table structure for table `categories`
--

DROP TABLE IF EXISTS `categories`;
CREATE TABLE IF NOT EXISTS `categories` (
  `id` int(11) NOT NULL AUTO_INCREMENT,
  `name` varchar(250) COLLATE utf8_persian_ci NOT NULL,
  `description` text COLLATE utf8_persian_ci NOT NULL,
  PRIMARY KEY (`id`)
) ENGINE=MyISAM AUTO_INCREMENT=26 DEFAULT CHARSET=utf8 COLLATE=utf8_persian_ci;

--
-- Dumping data for table `categories`
--

INSERT INTO `categories` (`id`, `name`, `description`) VALUES
(25, 'بلاکچین', 'این دسته بندی برای بلاکچین میباشد.'),
(15, 'برنامه نویسی', 'این دسته بندی برای برنامه نویسی می باشد'),
(16, 'گرافیک', 'این دسته بندی برای گرافیک می باشد'),
(23, 'فلوچارت', 'این یک دسته بندی برای تست میباشد');

-- --------------------------------------------------------

--
-- Table structure for table `comments`
--

DROP TABLE IF EXISTS `comments`;
CREATE TABLE IF NOT EXISTS `comments` (
  `id` int(11) NOT NULL AUTO_INCREMENT,
  `bookId` int(11) NOT NULL,
  `fullname` varchar(250) COLLATE utf8_bin NOT NULL,
  `website` varchar(250) COLLATE utf8_bin NOT NULL,
  `comment` text COLLATE utf8_bin NOT NULL,
  `status` tinyint(4) NOT NULL,
  PRIMARY KEY (`id`)
) ENGINE=MyISAM AUTO_INCREMENT=129 DEFAULT CHARSET=utf8 COLLATE=utf8_bin;

--
-- Dumping data for table `comments`
--

INSERT INTO `comments` (`id`, `bookId`, `fullname`, `website`, `comment`, `status`) VALUES
(122, 25, 'مهران ناصر', 'mihranw.ir', 'بسیار عالی', 0),
(123, 27, 'مهران ناصر', 'mihranw.ir', 'ممنون از پست زیباتون', 1),
(120, 28, 'مهران ناصر', 'mihranw.ir', 'عالی', 1),
(121, 25, 'مهران ناصر', 'mihranw.ir', 'بسیار عالی بود', 1),
(119, 24, 'غضنفر', 'ghazanfar.com', 'خیلی مفید بود', 0),
(118, 24, 'مهران ناصر', 'mihranw.ir', 'بسیار عالی', 1),
(127, 28, 'چراغعلی', 'cheraghali.com', 'کتاب قدمتی پنج هزارساله دارد. کتاب‌های نخستین به شکل لوح‌های گلی بودند، اما با گذشت زمان، با توجه به دسترسی بشر به امکانات جدید و تغییر نیاز بشر به ارتباطات و اطلاعات، شکلِ کتاب‌ها تکامل یافت.', 1),
(124, 26, 'محمد', 'mohammad.com', 'خیلی عالی بود', 0),
(125, 25, 'مهدی', 'www.mahdi.com', 'این متن صرفا برای نظردهی میباشد', 1),
(126, 27, 'چراغعلی', 'cheaghali.ir', 'بسیار مفید و زیبا بود', 1),
(128, 25, 'مهران ناصر', 'mihranw.ir', 'عالی', 1);

-- --------------------------------------------------------

--
-- Table structure for table `users`
--

DROP TABLE IF EXISTS `users`;
CREATE TABLE IF NOT EXISTS `users` (
  `id` int(11) NOT NULL AUTO_INCREMENT,
  `name` varchar(250) COLLATE utf8_persian_ci NOT NULL,
  `username` varchar(200) COLLATE utf8_persian_ci NOT NULL,
  `password` varchar(100) COLLATE utf8_persian_ci NOT NULL,
  PRIMARY KEY (`id`)
) ENGINE=MyISAM AUTO_INCREMENT=4 DEFAULT CHARSET=utf8 COLLATE=utf8_persian_ci;

--
-- Dumping data for table `users`
--

INSERT INTO `users` (`id`, `name`, `username`, `password`) VALUES
(1, 'مهران ناصر', 'mihranw', 'a384b6463fc216a5f8ecb6670f86456a');
COMMIT;

/*!40101 SET CHARACTER_SET_CLIENT=@OLD_CHARACTER_SET_CLIENT */;
/*!40101 SET CHARACTER_SET_RESULTS=@OLD_CHARACTER_SET_RESULTS */;
/*!40101 SET COLLATION_CONNECTION=@OLD_COLLATION_CONNECTION */;
